{
  "hash": "22b6d41c",
  "configHash": "b6992ed2",
  "lockfileHash": "2b20aad4",
  "browserHash": "98b6c7a7",
  "optimized": {
    "@angular/common": {
      "src": "../../../../../node_modules/@angular/common/fesm2022/common.mjs",
      "file": "@angular_common.js",
      "fileHash": "978d06ac",
      "needsInterop": false
    },
    "@angular/common/http": {
      "src": "../../../../../node_modules/@angular/common/fesm2022/http.mjs",
      "file": "@angular_common_http.js",
      "fileHash": "3f75d16f",
      "needsInterop": false
    },
    "@angular/core": {
      "src": "../../../../../node_modules/@angular/core/fesm2022/core.mjs",
      "file": "@angular_core.js",
      "fileHash": "e04d83b1",
      "needsInterop": false
    },
    "@angular/forms": {
      "src": "../../../../../node_modules/@angular/forms/fesm2022/forms.mjs",
      "file": "@angular_forms.js",
      "fileHash": "40cfd5db",
      "needsInterop": false
    },
    "@angular/material/button": {
      "src": "../../../../../node_modules/@angular/material/fesm2022/button.mjs",
      "file": "@angular_material_button.js",
      "fileHash": "5487fd80",
      "needsInterop": false
    },
    "@angular/material/dialog": {
      "src": "../../../../../node_modules/@angular/material/fesm2022/dialog.mjs",
      "file": "@angular_material_dialog.js",
      "fileHash": "affc40cc",
      "needsInterop": false
    },
    "@angular/platform-browser": {
      "src": "../../../../../node_modules/@angular/platform-browser/fesm2022/platform-browser.mjs",
      "file": "@angular_platform-browser.js",
      "fileHash": "cea09404",
      "needsInterop": false
    },
    "@angular/platform-browser/animations": {
      "src": "../../../../../node_modules/@angular/platform-browser/fesm2022/animations.mjs",
      "file": "@angular_platform-browser_animations.js",
      "fileHash": "4a12cde1",
      "needsInterop": false
    },
    "@angular/platform-browser/animations/async": {
      "src": "../../../../../node_modules/@angular/platform-browser/fesm2022/animations/async.mjs",
      "file": "@angular_platform-browser_animations_async.js",
      "fileHash": "d7b541b7",
      "needsInterop": false
    },
    "@angular/router": {
      "src": "../../../../../node_modules/@angular/router/fesm2022/router.mjs",
      "file": "@angular_router.js",
      "fileHash": "4e8e36a9",
      "needsInterop": false
    },
    "sweetalert2": {
      "src": "../../../../../node_modules/sweetalert2/dist/sweetalert2.all.js",
      "file": "sweetalert2.js",
      "fileHash": "9f6f900c",
      "needsInterop": true
    }
  },
  "chunks": {
    "browser-DWGPEOTY": {
      "file": "browser-DWGPEOTY.js"
    },
    "chunk-FP2COLCJ": {
      "file": "chunk-FP2COLCJ.js"
    },
    "chunk-ENYOEZ4B": {
      "file": "chunk-ENYOEZ4B.js"
    },
    "chunk-N6L7SAYC": {
      "file": "chunk-N6L7SAYC.js"
    },
    "chunk-OXPDCRQT": {
      "file": "chunk-OXPDCRQT.js"
    },
    "chunk-GDUJNN3V": {
      "file": "chunk-GDUJNN3V.js"
    },
    "chunk-G2MIP63Z": {
      "file": "chunk-G2MIP63Z.js"
    },
    "chunk-JGGWRTE2": {
      "file": "chunk-JGGWRTE2.js"
    },
    "chunk-WKYGNSYM": {
      "file": "chunk-WKYGNSYM.js"
    }
  }
}